asin,product_name,brand,sku,seo_owner,ppc_owner,in_monthly_pnl,in_prime_day
B005FN35ZO,VitalCore African Mango,VitalCore,,,,0,0
B008I0L5MQ,VitalCore Raspberry Ketone Plus 180 Capsules,VitalCore,,Tamahra,Akshay,0,0
B008S8KSM6,Viaman Viaman   90 Capsules,Other,,,,0,0
B00E0HITK2,VitalCore Green Coffee Pure 21000mg 90 Capsules,VitalCore,,Twinkle,Akshay,1,0
B00HSIZVN8,VitalCore Garcinia Cambogia Pure 1000 mg 60 Capsules,VitalCore,,,,0,0
B00HSJCT9Q,VitalCore Garcinia Cambogia Plus,VitalCore,,,,0,0
B00HSJLATQ,VitalCore Raspberry Ketone Pure 1200mg 180 Capsules,VitalCore,,Tamahra,Akshay,0,0
B00HSJXJK4,VitalCore Pure Acai Berry,VitalCore,,,,0,0
B00KGYBU2M,Viaman Delay 40 ml  Spray,Other,,,,0,0
B00KGYG8NI,Viaman Delay   6 Wipes,Other,,,,0,0
B00LR215PE,VitalCore Detox Foot Patches,VitalCore,,,,0,0
B00W3ITIVE,VitalCore Active T5 Plus,VitalCore,,,,0,0
B00XUDQ1MU,VitalCore Glucomannan Plus,VitalCore,,,,0,0
B010BW5P10,VitalCore Organic Pure Moringa 1650mg 180 Capsules,VitalCore,CC0130,Tamahra,Akshay,0,1
B010FMZ6YM,VitalCore Detox Tone,VitalCore,,,,0,0
B012FUGTBQ,Viaman Viper   8 Tablets,Other,,,,0,0
B01ELZKFZY,VitalCore Detox Tea 28 Days,VitalCore,,,,0,0
B01ELZWC3C,VitalCore Skinny Tea 28 Days,VitalCore,,,,0,0
B01FWFE7VK,VitalCore Resveratrol with Red Wine Extract 510mg 60 Capsules,VitalCore,CC0173,Tamahra,Akshay,0,1
B01HGB0WS0,VitalCore Belly XS,VitalCore,,,,0,0
B01HND3URQ,Viaman Delay,Other,,,,0,0
B01M19HP0E,Örtte Tea Body Scrub for Cellulite,Other,,,,0,0
B01M6B9KMC,VitalCore Intensive Colon Cleanse,VitalCore,,,,0,0
B01M9D1SFX,VitalCore Matcha Tea,VitalCore,,,,0,0
B01MTQVUQQ,VitalCore Pure Guarana 4800mg 180 Capsules,VitalCore,,Twinkle,Syed,1,0
B01N0R6YHL,Örtte Tea Scrub for Dry Skin,Other,,,,0,0
B01N5FSCHQ,VitalCore CIRCULATOR Device,VitalCore,,Aneesh,Srikara,1,0
B01N673PPH,VitalCore Fenugreek,VitalCore,,,,0,0
B01N673US9,VitalCore Activated Charcoal 2000mg 180 Capsules,VitalCore,,Aneesh,Sourabh,1,0
B01N6DFMOW,VitalCore Fruit Infuser,VitalCore,,,,0,0
B01N6DI4F2,Örtte Tea Body Scrub for Acne,Other,,,,0,0
B01N6HL2CA,Eco Masters Chamomile Day Face,Other,,,,0,0
B01NBKYN20,Örtte Tea FACE Scrub,Other,,,,0,0
B071F9PH5T,VitalCore Curcumin with Vitamin D3,VitalCore,,,,0,0
B071GQX7TV,Viaman Viaman Plus,Other,,,,0,0
B073JB2QW4,VitalCore Fat Binder,VitalCore,,,,0,0
B073X1LMXB,Örtte Coffee Scrub,Other,,,,0,0
B0758D5SVR,Viaman Volume   60 Capsules,Other,,,,0,0
B0758DRTQJ,Viaher Supplement for Women,Other,,,,0,0
B075WYMNXX,VitalCore Immune NU,VitalCore,,,,0,0
B0767D9FJF,VitalCore Candida Support 180 Capsules,VitalCore,,Twinkle,Syed,1,0
B0771T1WRL,Medora ProstaSure 90 capsules,Medora,,Aneesh,Syed,1,0
B0778LB59L,VitalCore AbGym Belt - Abdominal Muscle Toner,VitalCore,,,,0,0
B07884C7GG,VitalCore Brain Complex,VitalCore,,,,0,0
B078WD4D41,Viaman Extendor,Other,,,,0,0
B078Y63H49,VitalCore PressureX,VitalCore,,,,0,0
B078Y7M3S1,VitalCore Marine Collagen Advance 90 Capsules,VitalCore,CC0223,Aneesh,Sourabh,1,1
B079C336Y3,VitalCore Pure Marine Collagen 1170mg 120 Capsules,VitalCore,CC0224,Aneesh,Sourabh,1,1
B07BHT4LJN,VitalCore Omega 3 (Vegan),VitalCore,,,,0,0
B07CGMR9FK,Viaman Viaman Intimacy,Other,,,,0,0
B07DQLQJWC,Medora Marine Collagen Advanced | Germany,Medora,,,,0,0
B07F6J1DXV,Medora morning D-TOX,Medora,,,,0,0
B07F91JDKF,Viaman Viper PRO   15 Capsules,Other,,,,0,0
B07FK47L8M,VitalCore Sunglow 120 Tablets,VitalCore,,Tamahra,Syed,0,0
B07G5CKWV2,Medora eye HEALTH,Medora,,,,0,0
B07G7F577B,VitalCore Joint Health Patch,VitalCore,,,,0,0
B07GNQTSQ9,PawVista Diarrhoea Control,PawVista,,,,0,0
B07GPD11TZ,PawVista Digestive Support for Dogs,PawVista,,,,0,0
B07GPNS4HQ,PawVista Essential Coat for Dogs,PawVista,,,,0,0
B07GPWWT8T,PawVista Hydrolysed Collagen Joint Supplement for Dog,PawVista,,,,0,0
B07GX25G81,PawVista Allergy Aid for dogs 120 Soft Chews (Upgraded),PawVista,,Shirley,Srikara,1,0
B07GX7NG98,PawVista Krill Oil For Dog & Cat,PawVista,,,,0,0
B07GXKBBPP,PawVista Brewers Dried Yeast ( Dogs & Cats ) - Tablets,PawVista,,,,0,0
B07GXLBMSV,PawVista Brewers Dried Yeast,PawVista,,,,0,0
B07GXLY554,PawVista Ear Cleaner for Dogs & Cats 250ml Liquid,PawVista,,Shirley,Srikara,1,0
B07GXMNZZY,PawVista Tear Stain Remover Solution,PawVista,,,,0,0
B07GXPQBK6,PawVista Digestive Support for dogs 120 Tablets,PawVista,,Twinkle,Amjad,1,0
B07GXPSWX1,PawVista Hairball Aid - Cat,PawVista,,,,0,0
B07GXQSQQG,PawVista Tear Stain Remover Supplement,PawVista,,,,0,0
B07GXS7XS2,PawVista Multivitamin with Minerals 365 Tablets,PawVista,,Aneesh,Amjad,1,0
B07GYL1WMY,PawVista Hip and Joint Complex 120 Capsules,PawVista,,Aneesh,Amjad,1,0
B07GYLM5QV,PawVista Omega-Gold Glossy Coat for Dog & Cat,PawVista,,,,0,0
B07GYRJSND,PawVista Joint complex for dogs & cats,PawVista,,,,0,0
B07GYRRM9Y,PawVista Calming Aid for Cats,PawVista,,,,0,0
B07GYV9616,PawVista Urinary Aids - Cat,PawVista,,,,0,0
B07GYW9CVG,PawVista Urinary Aids - Dog 120 Tablets,PawVista,,Aneesh,Amjad,1,0
B07H2YR3WV,PawVista Glucosamine & Chondroitin for dogs & cats 180 Capsules,PawVista,,Twinkle,Amjad,0,0
B07H2YTKLC,PawVista Cod liver oil Cat & Dog,PawVista,,,,0,0
B07H2ZS63X,PawVista Co-Enzyme Q10 for Cats & Dogs,PawVista,,,,0,0
B07H3166FW,PawVista Raspberry Leaf  for Dogs & Cats,PawVista,,,,0,0
B07H31BR7M,Eco Masters Gold Edition Carrot & Argan Face,Other,,,,0,0
B07H31N361,PawVista Echinacea for Dogs & Cats,PawVista,,,,0,0
B07H31TD23,Eco Masters Gold Edition Carrot & Argan Body,Other,,,,0,0
B07H31TS29,Eco Masters Gold Edition Carrot & Argan,Other,,,,0,0
B07H36ZP33,PawVista Calming Aids for Dogs,PawVista,,,,0,0
B07H4Q2D4G,Eco Masters Gold Edition Exclusive Body,Other,,,,0,0
B07H4Q5ZM9,Eco Masters Gold Edition Carrot and Argan (Pack of 2),Other,,,,0,0
B07H4QJKR2,Eco Masters Hair-Plus Mask,Other,,,,0,0
B07H5HRNN3,Eco Masters Gold Edition Sulphur (Pack Of 2),Other,,,,0,0
B07H5LFD2B,Eco Masters Gold Edition Exfoliating (Pack of 2),Other,,,,0,0
B07H5QWMMM,Eco Masters Gold Edition Exclusive (Pack of 2),Other,,,,0,0
B07H9YVLTM,PawVista Evening Primrose Oil for Dogs & Cats,PawVista,,,,0,0
B07H9YXZ46,PawVista Stress Support for Cats & Dogs,PawVista,,,,0,0
B07H9ZSC67,PawVista Eye Support for Cats & Dogs,PawVista,,,,0,0
B07H9ZVD27,Eco Masters Chin & Neck Firming,Other,,,,0,0
B07HB15TV2,PawVista Serrapeptase for Dog & Cat,PawVista,,,,0,0
B07HB1H9ZZ,PawVista Denti-Care Kit For Dogs 200 g  Toothpaste,PawVista,,,,1,0
B07HB1QXH9,PawVista Turmeric with Black Pepper for Cats & Dogs,PawVista,,,,0,0
B07HB1WD1H,Eco Masters Ingrown Hair,Other,,,,0,0
B07HB1XQLN,PawVista Skin & Coat Shampoo,PawVista,,,,0,0
B07HB251F9,PawVista Flea & Tick Killer for Dogs,PawVista,,,,0,0
B07HB2914R,PawVista Eye Care for Cats & Dogs,PawVista,,,,0,0
B07HB2CQ58,PawVista Multivitamin Powder,PawVista,,,,0,0
B07HB2G8H4,Eco Masters Gold Edition Brightening Body Milk,Other,,,,0,0
B07HB2QS68,PawVista Caninexiety,PawVista,,,,0,0
B07HB2V5YV,PawVista Calming Drops 100ml Drops,PawVista,,Aneesh,Amjad,1,0
B07HB35746,PawVista Flea & Tick Repellent for Dogs,PawVista,,,,0,0
B07HB3BZ2H,PawVista Flea & Tick Defence Powder 100g Powder,PawVista,,Shirley,Srikara,1,0
B07HB3BZ55,Eco Masters Gold Edition Exclusive Face,Other,,,,0,0
B07HB3ZS79,PawVista Denti-CarePowder180gPowder,PawVista,,Twinkle,Amjad,1,0
B07HB49R5L,PawVista Digestican,PawVista,,,,0,0
B07HF4XVMG,PawVista Digestease for Cats,PawVista,,,,0,0
B07HF6MPVH,PawVista Soothex for Dogs,PawVista,,,,0,0
B07HF7BNZZ,PawVista Flaxseed Oil for Cats & Dogs,PawVista,,,,0,0
B07HF7NQQK,PawVista Soothex for Cats,PawVista,,,,0,0
B07HG9JJRP,PawVista UTI Support for cats,PawVista,,,,0,0
B07HGB6DZ7,PawVista L-LYSINE for Cats,PawVista,,,,0,0
B07HGCXMH1,PawVista Fur Detangler for Dogs,PawVista,,,,0,0
B07HGCZRVW,PawVista Itch Relief Spray 250ml Spray,PawVista,,Shirley,Amjad,1,0
B07HGD7YF5,PawVista Grooming and Anti-Itching Shampoo 500ml Shampoo,PawVista,,Shirley,Srikara,1,0
B07HGDT9MT,PawVista Grooming Conditioner 500ml Conditioner,PawVista,,Aneesh,Amjad,1,0
B07J1VXFPJ,mysmile mysmile  Teeth Whitening Kit,Other,,,,0,0
B07K8PZCND,VitalCore INULIN,VitalCore,,,,0,0
B07K8RQSYT,VitalCore L-Glutamine,VitalCore,,,,0,0
B07K9X11YV,VitalCore CLA 3000mg 180 Softgels,VitalCore,CC0282,Twinkle,Syed,1,1
B07KB1DVQM,VitalCore HEMP PROTEIN,VitalCore,,,,0,0
B07KC93HR1,VitalCore Flaxseed Oil 1000mg 180 Softgel,VitalCore,,Aneesh,Sourabh,1,0
B07KCBMH6X,VitalCore Aloe Vera with Calcium,VitalCore,,,,0,0
B07KCF3FG2,VitalCore Garlic Oil,VitalCore,,,,0,0
B07KFFXJPF,Medora Cranberry & D-Mannose,Medora,,,,0,0
B07KMCQCZ5,VitalCore Evening Primrose Oil 1000mg 180 Softgel,VitalCore,,Twinkle,Sourabh,1,0
B07KQ819VR,VitalCore L-Arginine HCL,VitalCore,,,,0,0
B07KW4RWQG,PawVista Wormwood Advanced,PawVista,,,,0,0
B07KW57B44,PawVista Itch relief for Cats & Dogs,PawVista,,,,0,0
B07L5JH3NT,"VitalCore Wart, Corn & Verruca Patch 28 Patches",VitalCore,,Aneesh,Sourabh,1,0
B07L8DL871,VitalCore Organic Cinnamon 1000mg,VitalCore,,Tamahra,Syed,0,0
B07L8JW95M,VitalCore Organic Bio Ayurweda Mix,VitalCore,,,,0,0
B07L8LFVG8,VitalCore Beta Alanine,VitalCore,,,,0,0
B07L8LSQDV,VitalCore Organic (Bio) Amla 200g Powder,VitalCore,,Aneesh,Sourabh,1,0
B07L966G1R,VitalCore L-Arginine HCL,VitalCore,,,,0,0
B07L9C38RD,VitalCore Glucosamine and Chondroitin 180 Capsules,VitalCore,CC0288,Aneesh,Akshay,1,1
B07LH6X6VC,VitalCore Vibration Exercise Machine Device,VitalCore,CC0310,Aneesh,Srikara,1,1
B07MBPZXXV,Biotin Gummies,Other,,Twinkle,Syed,1,0
B07MBZCG52,VitalCore Organic Super Greens 200g Powder,VitalCore,,Aneesh,Syed,1,0
B07MBZGW8Q,VitalCore Organic Neem Leaves,VitalCore,,,,1,0
B07MF78YBK,VitalCore Bovine Collagen Peptides (90% Protein),VitalCore,,,,0,0
B07MFLG2ML,VitalCore Royal Jelly,VitalCore,,,,0,0
B07MFLLGC6,VitalCore Organic Super Brahmi Leaves,VitalCore,,,,0,0
B07MFM9M78,VitalCore Organic Bio Vege Protein Mix,VitalCore,,,,0,0
B07MLSTQ1L,VitalCore Forskolin 1000mg 60 Capsules,VitalCore,,Twinkle,Akshay,1,0
B07MLT28ZK,VitalCore BCAA + Glutamine,VitalCore,,,,0,0
B07MSB6S5H,VitalCore BCAA + B6,VitalCore,,,,0,0
B07MWC4C5X,VitalCore Organic Bio Haritaki 200g Powder,VitalCore,,Aneesh,Sourabh,1,0
B07MZ9F2RN,VitalCore Slimming Patch,VitalCore,,,,0,0
B07MZY4P1R,VitalCore CoQ10 200mg 120 Capsules,VitalCore,CC0311,Tamahra,Akshay,0,1
B07N1T2L1Z,Eco Masters Breast Firming,Other,,,,0,0
B07PDFXWCD,VitalCore Krill Oil 1000mg 120 Softgels,VitalCore,CC0240,Tamahra,Syed,0,1
B07PYGZR69,mysmile mysmile Teeth Whitening Gels,Other,,,,0,0
B07Q99SRVG,VitalCore Fucus+,VitalCore,,,,0,0
B07RFRGD5N,Eco Masters Jade Facial Roller with GuaSha & Serum,Other,,Tamahra,Srikara,0,0
B07RM2JTF3,mysmile Teeth Whitening,Other,,,,0,0
B07RWF1ZLK,Eco Masters mysmile Teeth Whitening,Other,,,,0,0
B07RWZZKSX,mysmile Activated Charcoal Powder with Bamboo Toothbrush  200 g  Powder,Other,,,,0,0
B07RY9SYLV,VitalCore Vegan Collagen Advanced 180 Capsules,VitalCore,,Aneesh,Sourabh,1,0
B07S69QJY5,VitalCore ABS Stimulator Replacement Gel Pads,VitalCore,,,,0,0
B07T9434LK,Viaman Viaman| USA,Other,,,,0,0
B07THZPZY8,Medora GynecoMax,Medora,,,,0,0
B07TJJY1FN,ViaHer Pro   15 Capsules,Other,,,,0,0
B07TYY1QJ3,VitalCore Hemp Seed Oil 1000mg 180 Softgels,VitalCore,,Tamahra,Syed,0,0
B07V4NJH81,VitalCore Vitamin D3 2000IU,VitalCore,,,,0,0
B07VK43M7B,VitalCore Skinny Coffee 28 days,VitalCore,,,,0,0
B07W4DF7GM,VitalCore Circulator Patch,VitalCore,,,,0,0
B07W5JDT32,VitalCore Hemp Patch 20 Patches,VitalCore,,Tamahra,Syed,0,0
B07W61JXND,VitalCore Spirulina,VitalCore,,,,0,0
B07WG96M8C,VitalCore Spirulina,VitalCore,,,,0,0
B07WGGXFMJ,VitalCore Pure C8 MCT Oil,VitalCore,,,,0,0
B07WW8321X,Medora DHEA 50mg | USA,Medora,,,,0,0
B07X116WMQ,Medora HairGenesis Trichoceutical Shampoo,Medora,,,,0,0
B07X253KBJ,Medora HairGenesis Trichoceutical Conditioner,Medora,,,,0,0
B07X345PDP,Medora HairGenesis Trichoceutical Oral,Medora,,,,0,0
B07X47ZPFT,Medora HairGenesis Trichoceutical Serum,Medora,,,,0,0
B07YBG7V2P,VitalCore VitalCore Coq10 | USA,VitalCore,,,,0,0
B07YNVK1MB,VitalCore Organic Turmeric,VitalCore,CC0344,Twinkle,Srikara,1,1
B07YPSCV5L,VitalCore Liposomal Vitamin C,VitalCore,,,,0,0
B07YQ59VCS,VitalCore Pure Cold Pressed Fenugreek 100ml Oil,VitalCore,,Tamahra,Sourabh,0,0
B07YSK1XSY,Medora VariGo,Medora,,,,0,0
B07YX1V2WZ,VitalCore Chocolate Detox,VitalCore,,,,0,0
B07YX2398S,VitalCore Marine Collagen Sachets,VitalCore,,,,0,0
B07YX5G5KG,VitalCore Chlorella,VitalCore,,,,0,0
B07Z4YFZ7R,VitalCore Keto Collagen Advanced,VitalCore,,,,0,0
B07Z56S33H,VitalCore Advanced Marine Collagen Drink,VitalCore,,,,0,0
B07ZD7GNL4,VitalCore Herbal Better Mood: St Johns Wort,VitalCore,,,,0,0
B07ZKMCN2Z,VitalCore Bio Culture Complex 77Billion 60 Capsules,VitalCore,CC0342,Aneesh,Srikara,1,1
B07ZZ4G399,VitalCore Hyaluronic Acid 600mg 180 Capsules,VitalCore,CC0345,Tamahra,Akshay,0,1
B0814QB867,VitalCore Keto Nootropics Complex,VitalCore,,,,0,0
B0817WBXKF,VitalCore Biotin 12000mcg 365 Tablets,VitalCore,CC0349,Twinkle,Syed,0,1
B081FDCSTZ,Viaman Black Maca Complex 5550 mg 180 Capsules,Other,,,,0,0
B081NCGQPB,VitalCore Apple Cider Vinegar Complex 1860mg 180 Capsules,VitalCore,CC0343,Aneesh,Syed,1,1
B081RTQ1B3,PawVista Pet's Paw and Nose 60ml Balm,PawVista,,Shirley,Srikara,1,0
B081RYKPRB,PawVista Grooming and De-shedding     Brush,PawVista,,,,0,0
B081RYXTS1,Eco Masters Retinol,Other,,,,0,0
B081S1YJL8,VitalCore Keto Complex,VitalCore,,,,0,0
B081S38T6H,Eco Masters Anti Ageing Eye,Other,,,,0,0
B081S3LLCJ,Eco Masters Vitamin C,Other,,,,0,0
B081VJP2BR,Viaman L-Arginine Capsules,Other,,,,0,0
B081YZ7SM2,mysmile mysmile Activated Charcoal Powder,Other,,,,0,0
B081Z6V1J6,VitalCore Peppermint Oil 200mg 365 Softgel,VitalCore,,Aneesh,Syed,1,0
B081Z8FHX3,VitalCore Vegan Collagen Powder,VitalCore,,,,0,0
B082J1MS21,PawVista Flea & Tick Shampoo 500 ml  Shampoo,PawVista,,,,0,0
B082VC3VXK,PawVista Pet Nail Grinder    Device,PawVista,,,,0,0
B0836S147F,VitalCore Keto Omega 3 Fish Oil,VitalCore,,,,0,0
B084D2PGLT,VitalCore Go Blend Pro,VitalCore,,,,0,0
B084G5XC29,VitalCore Omega 3 Fish Oil 2000mg 240 Softgels,VitalCore,CC0350,Twinkle,Srikara,0,1
B085SZT5LL,PawVista Retractable Dog Leash    Device,PawVista,,,,0,0
B085W65GKF,VitalCore Vitamin C with Rosehip and Bioflavonoids 1000mg 180 Tablets,VitalCore,CC0369,Tamahra,Srikara,0,1
B085YB89VL,VitalCore Liposomal Vitamin C  | eBay,VitalCore,,,,0,0
B086N15BFN,VitalCore Elderberry Advanced 60 capsules (USA),VitalCore,,,,0,0
B086T13DD6,VitalCore Multivitamin Gummies 120 Gummies,VitalCore,CC0371,Aneesh,Sourabh,1,1
B086V74KKR,VitalCore Vitamin D3 4000 IU 400 Tablets,VitalCore,,Tamahra,Akshay,0,1
B087448JBG,Medora Premium Vitamin C Multi Ingredients Blend,Medora,,,,0,0
B087C2M9LH,VitalCore Liposomal Vitamin D3 + K2 250ml,VitalCore,,Tamahra,Akshay,0,0
B087D1FHGT,VitalCore Mood Complex,VitalCore,,,,0,0
B087MY1THL,Medora Menustral - Large,Medora,,,,0,0
B087NB55JS,Medora Menustral - Small,Medora,,,,0,0
B0881XQB6K,VitalCore Elderberry Advanced,VitalCore,,,,0,0
B088P555HF,Medora Vitamin D3 |Germany,Medora,,,,0,0
B088RKYG7C,VitalCore Bio Culture Complex | Germany 60 Billion  120 Capsules,VitalCore,,Aneesh,Srikara,1,1
B088SC8531,Medora Vitamin C Complex | Germany,Medora,,,,0,0
B088SJHM94,Medora Activated Charcoal Capsules | Germany,Medora,,,,0,0
B08914C67C,VitalCore HIP Trainer,VitalCore,,,,0,0
B089764H3P,VitalCore Pure Marine Collagen| Germany,VitalCore,,,,1,0
B0897VRRXJ,Medora Curcumin + D3 Liquid | Germany,Medora,,,,0,0
B089CPDF7R,VitalCore Keto - BHB | USA,VitalCore,,,,0,0
B089QCFCV4,VitalCore Organic Turmeric with Black pepper and Ginger 1520mg 180 Capsules,VitalCore,CC0392,Twinkle,Srikara,1,1
B089QGLQHK,VitalCore Montmorency Cherry 6000mg 180 Capsules,VitalCore,,Tamahra,Akshay,0,0
B089QHSS5H,VitalCore Certified (Bio) Organic Ginger 650mg 90 Capsule,VitalCore,CC0287,Twinkle,Sourabh,0,1
B089QHX5PH,VitalCore Odourless Garlic Oil 15000mg 180 Softgel,VitalCore,,Aneesh,Sourabh,1,0
B08B8QGBBT,Medora Vitamin D3 | Raspberry Flavour,Medora,,,,0,0
B08BTXFQ4F,VitalCore Magnesium Citrate 240 Capsules,VitalCore,CC0386,Shirley,Srikara,0,1
B08BWSTJBR,VitalCore Apple Cider Vinegar 1000mg 90 Gummies,VitalCore,,Aneesh,Syed,1,0
B08BXNX4MF,VitalCore Black Maca Complex 5000mg 180 Capsules,VitalCore,CC0384,Aneesh,Akshay,1,1
B08BZYM56L,VitalCore Organic Fenugreek 1500mg 180 Capsules,VitalCore,CC0390,Twinkle,Syed,1,1
B08D97X91K,mysmile Day and Night Toothpaste with Brush,Other,,,,0,0
B08D9N5CK4,VitalCore Electrolyte Complex 900mg 180 Tablets,VitalCore,CC0393,Aneesh,Sourabh,1,1
B08DG4NXBS,VitalCore Iron 28mg 400 Tablets,VitalCore,CC0395,Tamahra,Akshay,0,1
B08DG68P6B,VitalCore Vitamin D3 4000IU + K2 (MK-7) 100mcg 180 Tablets,VitalCore,CC0394,Tamahra,Akshay,0,1
B08FDVCKTG,VitalCore Water Away 180 Capsules,VitalCore,,Twinkle,Syed,1,0
B08FRK3GWP,VitalCore 5-HTP,VitalCore,,,,0,0
B08FRMBL3D,VitalCore Vitamin C Complex,VitalCore,,,,0,0
B08FRNVT5Q,VitalCore Keto MCT Oil Softgels,VitalCore,,,,0,0
B08G1XXC2Q,Medora Skin Tag Patch,Medora,,,,0,0
B08GCJTSYW,VitalCore 8 pads ABS Stimulator - USB    Device,VitalCore,,,,0,0
B08GCK14SQ,Viaman T-Boost,Other,,,,0,0
B08GG6TPN6,VitalCore Vitamin B Complex 365 Tablets,VitalCore,CC0409,Twinkle,Syed,1,1
B08GG8V1TG,Medora  OPC Grape Seed Extract,Medora,,,,0,0
B08GG8Z465,Medora Vitamin D3 for Kids 1000IU,Medora,,,,0,0
B08GG9642X,Medora Biotin Complex,Medora,,,,0,0
B08GG96FPL,VitalCore Vitamin B12 (Methylcobalamin) 1000mcg 400 Tablets,VitalCore,CC0406,Twinkle,Syed,1,1
B08GG9T6SW,VitalCore Zinc Bisglycinate 50mg 400 Tablets,VitalCore,CC0403,Tamahra,Syed,0,1
B08GGCD1KR,VitalCore Organic Ashwagandha with Black Pepper 605 mg 180 Capsules,VitalCore,,Tamahra,Akshay,0,1
B08GSRX9RN,VitalCore Tea Infuser 500ml Bottle,VitalCore,,Tamahra,Srikara,0,0
B08HJPDMTR,VitalCore Multivitamins with Minerals 365 Tablets,VitalCore,CC0410,Aneesh,Sourabh,1,1
B08HQGTVQX,PawVista Flea and Tick Control 500ml Spray,PawVista,,Shirley,Srikara,1,0
B08HYVCTG7,PawVista Flea and Tick Collar,PawVista,,,,0,0
B08J48DNCN,VitalCore Vitamin D3 2000IU 400 Tablets,VitalCore,,Tamahra,Akshay,0,0
B08K997VY4,PawVista Anti-Chew Spray for Cats & Dogs 250ml Spray,PawVista,,Shirley,Srikara,1,0
B08K997YCF,PawVista Coprophagia for Dogs 120 Tablets,PawVista,,Aneesh,Amjad,1,0
B08KJ9FZBC,Medora Multivitamin Gummies for Kids 120 Gummies,Medora,CC0416,Aneesh,Sourabh,1,1
B08KRNGDTR,PawVista Itch Relief 250ml Liquid,PawVista,,Shirley,Srikara,1,0
B08KRSRFGK,PawVista Wormwood Advanced for Cats & Dogs 120ml Liquid,PawVista,CC0423,Shirley,Srikara,1,1
B08KTJM5GP,VitalCore Skinny Tea (Morning) 28 Days,VitalCore,,,,0,0
B08KTL3W1S,VitalCore Ceremonial Matcha Tea,VitalCore,,,,0,0
B08KVVWS79,VitalCore Bedtime Complex,VitalCore,,,,0,0
B08KZ26V41,VitalCore Skinny and Detox tea 28 Teabags,VitalCore,,Aneesh,Syed,1,0
B08L6MVQNX,VitalCore Vegan Collagen Complex,VitalCore,,,,0,0
B08L935BHL,PawVista Calming Aid For Dogs 120 Tablets,PawVista,,Aneesh,Amjad,1,0
B08LTK2RMH,VitalCore Liposomal Vitamin C 1000mg 250ml Liquid,VitalCore,,Tamahra,Srikara,0,0
B08LZS1RH5,VitalCore L Arginine Amino Acid,VitalCore,,,,0,0
B08MQB6JTJ,VitalCore Fruit Infuser (New),VitalCore,,,,0,0
B08PKYTQSL,VitalCore Liposomal Vitamin C 1000mg 180 Capsules,VitalCore,CC0372,Tamahra,Srikara,0,1
B08PPNYW21,VitalCore Omega Fish Oil,VitalCore,,,,0,0
B08PVZM37H,VitalCore OrganicMushroomComplex180Capsules,VitalCore,CC0014,Tamahra,Akshay,0,1
B08Q492WQV,VitalCore Vitamin C + Zinc,VitalCore,,,,0,0
B08Q49SV5Y,VitalCore Vitamin C Gummies 200mg 120 Gummies,VitalCore,,Tamahra,Srikara,0,0
B08QNHTFCH,PawVista L-Lysine 250g Powder,PawVista,CC0415,Twinkle,Amjad,1,1
B08RRZPPNP,VitalCore Cranberry with Vitamin C 15000mg 180 Capsule,VitalCore,CC0008,Aneesh,Akshay,1,1
B08TCG2RH7,"VitalCore Calcium, Magnesium and Zinc with Vitamin D3 400 Tablets",VitalCore,CC0009,Tamahra,Srikara,0,1
B08W8L23RM,VitalCore Bovine Collagen Complex Capsules,VitalCore,,,,0,0
B08XY3354N,PawVista Anti Bark Collar    Device,PawVista,,,,0,0
B08Z826CNN,VitalCore Glucomannan Complex 180 Capsules,VitalCore,,Aneesh,Sourabh,1,0
B08ZCFTLR7,VitalCore Detox Foot Pads 30 Patches,VitalCore,,Twinkle,Akshay,1,0
B08ZJP4VVM,VitalCore Skinny Coffee.,VitalCore,,,,0,0
B08ZNRB6RP,Medora Vitamin B12,Medora,,,,0,0
B091CSK7FD,Medora Vitamin D3,Medora,,,,0,0
B091FT9L27,VitalCore N-Acetyl-Cysteine(NAC)600mg180Capsules,VitalCore,CC0032,Twinkle,Syed,0,1
B091FV1FHQ,VitalCore L-Theanine 400mg 180 Capsule,VitalCore,,Aneesh,Akshay,1,0
B091GB1NP1,VitalCore Vitamin D3 2000IU + K2 (MK-7) 200 mcg (IT) 365 Tablets,VitalCore,CC0035,Tamahra,Akshay,0,1
B091GWS1B3,VitalCore BellyXS,VitalCore,,,,0,0
B091HWGKYV,VitalCore Quercetin.,VitalCore,,,,0,0
B091L12RBL,VitalCore Organic Spirulina & Chlorella 1500mg 180 Capsules,VitalCore,,Twinkle,Sourabh,1,0
B0924NLC1W,VitalCore Astaxanthin 18mg 180 Capsule,VitalCore,CC0030,Tamahra,Sourabh,0,1
B0924PFYN9,VitalCore Creatine Monohydrate 3000mg 270 Tablets,VitalCore,CC0024,Aneesh,Srikara,1,1
B0924PV4SK,VitalCore Potassium Citrate 1460mg 180 Tablets,VitalCore,,Tamahra,Akshay,0,0
B0924Q1H5X,VitalCore Selenium 200mcg 365 Tablets,VitalCore,CC0028,Twinkle,Sourabh,0,1
B0924Q6VTF,VitalCore Iodine 400mcg 365 Tablet,VitalCore,CC0025,Twinkle,Sourabh,0,1
B0924R63CJ,VitalCore L - Taurine 1000mg 180 Capsules,VitalCore,,Aneesh,Akshay,1,0
B092Q8SGPT,Medora Bio Cultures Complex 60 Billion 120 Capsules,Medora,CC0439,Aneesh,Srikara,1,1
B09316R26J,VitalCore White Kidney Beans Extract 5000mg 180 Capsule,VitalCore,,Tamahra,Akshay,0,0
B0938C4MV2,VitalCore Vitamin D3 + K2 | Germany,VitalCore,,,,0,0
B093CB31XT,VitalCore Pure MSM 2400mg + Vitamin C 100mg,VitalCore,,Aneesh,Akshay,1,0
B093QFJWLB,Medora Folic Acid,Medora,,,,0,0
B093QGRL9X,Medora Biotin | Germany,Medora,,,,0,0
B093QH61YG,Medora Biotin Complex | Germany,Medora,,,,0,0
B093SND46D,VitalCore Choline Bitartrate 700mg 180 Capsules,VitalCore,CC0438,Twinkle,Syed,0,1
B093ZSL4QH,VitalCore Vitamin B12 1000mcg 400 Chewable Tablets,VitalCore,,Twinkle,Syed,1,0
B09444JHW7,VitalCore BCAA 2000mg 180 Tablets,VitalCore,,Twinkle,Akshay,1,0
B0949KMLW6,VitalCore Vitamin D3 4000IU 120 Gummies,VitalCore,,Tamahra,Akshay,0,0
B0953NSL31,VitalCore Vitamin E 400IU 180 Softgel,VitalCore,,Twinkle,Sourabh,0,0
B095SM7TW6,VitalCore Ashwagandha 1200mg 120 Gummies,VitalCore,,Tamahra,Akshay,0,0
B096LWT3Z3,VitalCore Vegan 360°,VitalCore,,,,0,0
B096SHG8PC,VitalCore 5-HTP,VitalCore,,,,0,0
B096SM181Q,Medora Kurkuma Extract |Germany,Medora,,,,0,0
B098QJPDGL,VitalCore Iron 14mg 120 Gummies,VitalCore,CC0454,Tamahra,Akshay,0,1
B09BD66HPL,VitalCore Turmeric Gummies 2100mg 90 Gummies,VitalCore,,Twinkle,Srikara,1,0
B09BJPTHVR,VitalCore Vitamin A 10000IU 365 Tablets,VitalCore,,Twinkle,Akshay,1,0
B09CCL39DV,VitalCore Hemp Oil 1900 mg 60ml Oil,VitalCore,,Tamahra,Syed,0,0
B09FDXGPH2,VitalCore Ashwagandha Extract KSM - 66,VitalCore,CC0460,Tamahra,Akshay,0,1
B09JCMPH3S,PawVista Hairball Aid for Cats,PawVista,,,,0,0
B09K7DTZM6,VitalCore Iron Complex with Vitamin C,VitalCore,,,,0,0
B09KBZGDY4,VitalCore Elderberry (Pack of 6),VitalCore,,,,0,0
B09MS281SX,Medora Montmorency Cherry | Germany 6000mg 180 Capsules,Medora,,Tamahra,Syed,0,0
B09NC8LVDK,VitalCore Guarana Patches,VitalCore,,Aneesh,,1,0
B09PNMDCXB,VitalCore Quercetin Complex.,VitalCore,,,,0,0
B09RMQYJ5K,PawVista Flea and Tick Spot On,PawVista,,,,0,0
B09T5YN55Y,VitalCore Vitamin C  (eBay),VitalCore,,,,0,0
B09TBJGCWS,PawVista Hemp Oil 60ml 55800mg Liquid,PawVista,,Tamahra,Amjad,0,0
B09VTBBM6L,Omega 3 1000mg Wild Fish Oil - 400,Other,,Twinkle,Srikara,0,0
B09WJBLCR3,VitalCore Melatonin Complex 365 Tablets,VitalCore,CC0477,Tamahra,Syed,0,1
B0B1QN6LWX,VitalCore Knee-Flex,VitalCore,,,,0,0
B0B1QQGSWF,VitalCore Tummy-Tone,VitalCore,,,,0,0
B0B1QQNZ2S,VitalCore Organic Psyllium Husk 1400mg 180 Capsules,VitalCore,CC0483,Twinkle,Akshay,0,1
B0B1QQYKX5,VitalCore Zinc Citrate 25mg 90 Gummies,VitalCore,,Twinkle,Syed,1,0
B0B1QR7DWZ,VitalCore Magnesium Citrate 125mg 90 Gummies,VitalCore,,Shirley,Srikara,1,0
B0B252QTL4,Medora Kurkuma Extract | DE 500mg 180 Capsules,Medora,CC0486,Twinkle,Srikara,1,1
B0B3RJ76ML,VitalCore RedYeastRice250mg180Capsule,VitalCore,CC0473,Aneesh,Sourabh,1,1
B0B5VMJND6,Medora Vitamin D3 Kids | Orange Flavour 1000IU 120 Gummies,Medora,,Tamahra,Akshay,0,0
B0B6Q6PN1M,VitalCore Vitamin K2 (MK-7) 200 mcg 365 Tablets,VitalCore,,Twinkle,Akshay,0,1
B0B8SSJZVK,VitalCore Ginkgo Biloba Complex 6600mg 365 Tablets,VitalCore,CC0492,Twinkle,Akshay,0,1
B0B8SVNKVZ,Eco Masters Rose Quartz with Guasha & Vitamin C Serum Device,Other,,Tamahra,Srikara,0,0
B0B8SWNKD7,VitalCore Probiotic 2 Billion 90 Gummies,VitalCore,,Aneesh,Srikara,1,1
B0BF5HJYQC,VitalCore Biotin with Coconut,VitalCore,,,,0,0
B0BF5JSCWR,VitalCore Quercetin Complex,VitalCore,,,,0,0
B0BF5KDPQC,VitalCore Quercetin 500mg 180 Capsule,VitalCore,,Tamahra,Akshay,0,0
B0BFXGNM1T,VitalCore Skinny Coffee 28 Sachets,VitalCore,,Tamahra,Akshay,1,0
B0BKQWPT5K,PawVista Salmon Oil,PawVista,,,,0,0
B0BNVKF7C9,VitalCore Black Garlic Extract 750mg 180 Capsules,VitalCore,,Aneesh,Sourabh,1,0
B0BSGZV1T9,VitalCore Milk Thistle 2000mg 180 Capsules,VitalCore,CC0500,Aneesh,Akshay,1,1
B0BT85QTFQ,VitalCore T-Boost 180 Tablets,VitalCore,CC0502,Aneesh,N/A,1,1
B0BTYFD228,VitalCore Prenatal Multivitamin,VitalCore,,,,1,0
B0BV68VQV3,Medora Vitamin B12 | Germany 500mcg 365 Tablets,Medora,,Twinkle,Syed,1,0
B0BX6195RG,VitalCore Vitamin C and Zinc 1000mg 180 Tablets,VitalCore,CC0505,Tamahra,Srikara,0,1
B0BZW1BYH7,VitalCore MarineMagnesium+B6360mg360mg180Capsules,VitalCore,,Shirley,Srikara,1,0
B0C3H9CVNZ,VitalCore OPC tablets,VitalCore,,Twinkle,Akshay,1,0
B0C6QSSZ5C,VitalCore Probiotic Patch,VitalCore,,,,0,0
B0C6Y8Z49H,PawVista Flea and Tick Collar (New)    Device,PawVista,,,,0,0
B0C6Y973ZP,VitalCore Super Green 90 gummies,VitalCore,,Aneesh,Syed,1,0
B0C7WG2333,VitalCore Collagen- 180 Tablets,VitalCore,,Aneesh,Sourabh,1,0
B0C9CMMGPK,Biotin with Keratin 150mg,Other,,Twinkle,Syed,1,0
B0CB4M926G,VitalCore L-Arginine 1000mg 180 Tablets,VitalCore,,Twinkle,Syed,1,0
B0CB7ZDLXZ,Medora Omega 3-6-9 for Kids 200mg 120 Gummies,Medora,CC0511,Twinkle,Srikara,1,1
B0CB81W43H,Medora Iron and Vitamin C Gummies for Kids 120 Gummies,Medora,,Tamahra,Syed,0,0
B0CBKSL8RL,Medora Calcium with Vitamin D3 kids gummies,Medora,,Tamahra,Akshay,0,0
B0CBQ17TG1,Medora Liposomal Vitamin C,Medora,,,,0,0
B0CCP8GG6X,VitalCore Lion's Mane Mushroom Extract 2000mg- 365 Tablets,VitalCore,CC0517,Tamahra,Akshay,0,1
B0CD7Z3W9F,VitalCore Melatonin Complex 1 mg 400 Tablets,VitalCore,,Tamahra,Syed,0,1
B0CDQDWXN4,VitalCore Marine Collagen with Hyaluronic Acid,VitalCore,,,,1,0
B0CF1MQ97T,VitalCore Creatine Monohydrate Micronized Unflavored 500g Powder,VitalCore,,Aneesh,Srikara,1,0
B0CF28WQH3,VitalCore Creatine Monohydrate Micronised Unflavoured 1000g Powder |,VitalCore,,Aneesh,Srikara,1,0
B0CHRNR4QH,VitalCore Berberine,VitalCore,CC0530,Twinkle,Syed,0,1
B0CJ5KM24T,VitalCore Bedtime,VitalCore,,,,0,0
B0CJJNWRSP,VitalCore Melatonin 1.9 mg 120 Gummies,VitalCore,,,,0,0
B0CKFHG8NQ,VitalCore Magnesium Bisglycinate,VitalCore,,Shirley,Srikara,0,0
B0CLVCMHBS,VitalCore  ZMA 180 capsules,VitalCore,,Aneesh,Sourabh,1,0
B0CN31Y5ZP,VitalCore Vitamine B12 Gummies,VitalCore,,Twinkle,Syed,1,0
B0CN32XKTL,VitalCore  Detox & Cleanse,VitalCore,,Twinkle,Syed,1,0
B0CQ1Y7H9N,VitalCore D-Mannose 2000mg 180 Capsules,VitalCore,,Aneesh,Sourabh,1,0
B0CQ1ZY6RM,Black Cumin seed oil,Other,,Twinkle,Syed,1,0
B0CR14DN7M,VitalCore | Marine Collagen 5000mg 14 Liquid Sachets,VitalCore,,Aneesh,Sourabh,1,0
B0CR16N42C,VitalCore liposomale vitamine c liquid sachet,VitalCore,,Tamahra,Srikara,0,0
B0CSK9ZG34,VitalCore | Multivitamin and Minerals 90 Gummies for Women,VitalCore,,Aneesh,Sourabh,1,0
B0CSKBLHCB,VitalCore | Multivitamin and Minerals 90 Gummies for Men,VitalCore,CC0543,Aneesh,Sourabh,1,1
B0CTVQVDMG,VitalCore| Creatine Gummies,VitalCore,,Aneesh,Srikara,1,0
B0CW374CVT,VitalCore | Inositol 4000mg 120 Tablets,VitalCore,,Twinkle,Akshay,1,0
B0CWLLPHQF,VitalCore | Boswellia Serrata 400mg 180 Capsules,VitalCore,,Twinkle,Syed,1,0
B0CWLN5S1N,VitalCore | Purified Shilajit Resin 50g Resin,VitalCore,,Twinkle,Srikara,1,0
B0D1XXG4MS,VitalCore | L-Carnitine 2000mg 120 Capsules,VitalCore,,Tamahra,Srikara,0,0
B0D1YNNYNY,VitalCore | L-Citrulline 3000mg 240 Capsules,VitalCore,,Tamahra,Srikara,0,0
B0D6YYT9Q3,VitalCore | Sea Moss 4000mg,VitalCore,,Twinkle,Syed,0,0
B0D6Z1ZSZG,VitalCore Barley Grass,VitalCore,,Tamahra,Syed,0,0
B0D8L2Y7CG,VitalCore Bromelain 650 mg 180 Capsules,VitalCore,,Twinkle,Srikara,1,0
B0DB21JDJ5,VitalCore Lion's Mane GUMMIES,VitalCore,,Tamahra,Akshay,0,0
B0DBQ2ZWVB,VitalCore Alpha Lipoic Acid,VitalCore,,Aneesh,Srikara,1,0
B0DCK8JV7C,VitalCore Collagen Powder,VitalCore,,Twinkle,Sourabh,1,0
B0DCP2BQBP,VitalCore Vegan Omega 3,VitalCore,,Aneesh,Srikara,1,0
B0DM6D92MZ,VitalCore Shilajit Complex,VitalCore,,Twinkle,Srikara,1,0
B0DN6HV7HN,VitalCore Liposomal Glutathion Capsules,VitalCore,,Aneesh,Srikara,1,0
B0DPJ4Z5WS,VitalCore Ceremonial Matcha tea 100g Powder,VitalCore,,Tamahra,Syed,0,0
B0DZP8H6RT,Pure Himalayan Shilajit 20000mg 180 Capsules,Other,,Twinkle,Srikara,1,0
B0DZY117M6,VitalCore Magnesium Complex,VitalCore,,Shirley,Srikara,0,0
B0F48WQHS8,VitalCore Creatine Monohydrate Micronised Unflavoured Powder 300 g  Powder,VitalCore,,,,1,0
B0F4KSP9SH,VitalCore Women's Probiotics   90 Capsules,VitalCore,,,,1,0
B0F63DSQD2,VitalCore Electrolyte Powder   30 Sachets,VitalCore,,,,1,0
B0F63JC3Z8,PawVista Hip & Joint Complex   120 Soft Chews,PawVista,,,,1,0
B0F67BKBW1,VitalCore Marine Collagen with Magnesium   120 Capsules,VitalCore,,,,1,0
B0FBVZ35TP,Medora Magnesium Citrate Gummies for Kids   90 Gummies,Medora,,,,1,0
B0FBWGF7YG,VitalCore Shilajit Gummies    120 Gummies,VitalCore,,,,1,0
B0FBWVX2J8,VitalCore Myo & D-Chiro Inositol    90 Gummies,VitalCore,,,,0,0
B0FBX3WS2D,VitalCore 5-HTP Gummies   60 Gummies,VitalCore,,,,0,0
B0FDX2N28K,VitalCore Liposomal NAD+ with Resveratrol 600 mg 90 Capsules,VitalCore,,,,0,0
B0FGDRW2ZQ,VitalCore Pure Himalayan Shilajit Resin 50 g  Resin,VitalCore,,,,1,0
B0FM897YYG,,,,,,1,0
B0FNDLS99B,,,,,,1,0
