asin,product_name,ppc_owner,seo_owner,brand
B084G5XC29,VitalCore Omega 3 Fish Oil 2000mg 240 Softgels,Srikara,Twinkle,VitalCore
B079C336Y3,VitalCore Pure Marine Collagen 1170mg 120 Capsules,Sourabh,Aneesh,VitalCore
B07LH6X6VC,VitalCore Vibration Exercise Machine Device,Srikara,Aneesh,VitalCore
B078Y7M3S1,VitalCore Marine Collagen Advance 90 Capsules,Sourabh,Aneesh,VitalCore
B08PKYTQSL,VitalCore Liposomal Vitamin C 1000mg 180 Capsules,Srikara,Tamahra,VitalCore
B08GGCD1KR,VitalCore Organic Ashwagandha with Black Pepper 605mg 180 Capsules,Akshay,Tamahra,VitalCore
B08TCG2RH7,"VitalCore Calcium, Magnesium and Zinc with Vitamin D3 400 Tablets",Srikara,Tamahra,VitalCore
B089QCFCV4,VitalCore Organic Turmeric with Black pepper and Ginger 180 Capsules,Srikara,Twinkle,VitalCore
B0924PFYN9,VitalCore Creatine Monohydrate 3000mg 270 Tablets,Srikara,Aneesh,VitalCore
B086V74KKR,VitalCore Vitamin D3 4000 iu,Akshay,Tamahra,VitalCore
B091GB1NP1,VitalCore Vitamin D3 2000IU + K2 (MK-7) 200 mcg (IT) 365 Tablets,Akshay,Tamahra,VitalCore
B08GG96FPL,VitalCore Vitamin B12 (Methylcobalamin) 1000mcg 400 Tablets,Syed,Twinkle,VitalCore
B01N5FSCHQ,VitalCore CIRCULATOR Device,Srikara,Aneesh,VitalCore
B092Q8SGPT,Medora Bio Cultures Complex 60 Billion 120 Capsules,Srikara,Aneesh,Medora
B07ZZ4G399,VitalCore Hyaluronic Acid 600mg 180 Capsules,Akshay,Tamahra,VitalCore
B08GG6TPN6,VitalCore Vitamin B Complex 365 Tablets,Syed,Twinkle,VitalCore
B08HJPDMTR,VitalCore Multivitamins with Minerals 365 Tablets,Sourabh,Aneesh,VitalCore
B08BTXFQ4F,VitalCore Magnesium Citrate 240 Capsules,Srikara,Shirley,VitalCore
B08GG9T6SW,VitalCore Zinc Bisglycinate 50mg 400 Tablets,Syed,Tamahra,VitalCore
B0CKFHG8NQ,VitalCore Magnesium Bisglycinate,Srikara,Shirley,VitalCore
B085W65GKF,VitalCore Vitamin C with Rosehip and Bioflavonoids 1000mg 180 Tablets,Srikara,Tamahra,VitalCore
B07MZY4P1R,VitalCore CoQ10 200mg 120 Capsules,Akshay,Tamahra,VitalCore
B09WJBLCR3,VitalCore Melatonin Complex 365 Tablets,Syed,Tamahra,VitalCore
B08BXNX4MF,VitalCore Black Maca Complex 5000mg 180 Capsules,Akshay,Aneesh,VitalCore
B07ZKMCN2Z,VitalCore Bio Culture Complex 77Billion 60 Capsules,Srikara,Aneesh,VitalCore
B0817WBXKF,VitalCore Biotin 12000mcg 365 Tablets,Syed,Twinkle,VitalCore
B01FWFE7VK,VitalCore Resveratrol with Red Wine Extract 510mg 60 Capsules,Akshay,Tamahra,VitalCore
B08DG4NXBS,VitalCore Iron 28mg 400 Tablets,Akshay,Tamahra,VitalCore
B0CHRNR4QH,VitalCore Berberine,Syed,Twinkle,VitalCore
B091FT9L27,VitalCore N-Acetyl-Cysteine(NAC)600mg180Capsules,Syed,Twinkle,VitalCore
B09VTBBM6L,Omega 3 1000mg Wild Fish Oil - 400,Srikara,Twinkle,Other
B0C7WG2333,VitalCore Collagen- 180 Tablets,Sourabh,Aneesh,VitalCore
B0CWLN5S1N,VitalCore | Purified Shilajit Resin 50g Resin,Srikara,Twinkle,VitalCore
B07PDFXWCD,VitalCore Krill Oil 1000mg 120 Softgels,Syed,Tamahra,VitalCore
B07L9C38RD,VitalCore Glucosamine and Chondroitin 180 Capsules,Akshay,Aneesh,VitalCore
B086T13DD6,VitalCore Multivitamin Gummies 120 Gummies,Sourabh,Aneesh,VitalCore
B0B8SSJZVK,VitalCore Ginkgo Biloba Complex 6600mg 365 Tablets,Akshay,Twinkle,VitalCore
B0DM6D92MZ,VitalCore Shilajit Complex,Srikara,Twinkle,VitalCore
B0CCP8GG6X,VitalCore Lion's Mane Mushroom Extract 2000mg- 365 Tablets,Akshay,Tamahra,VitalCore
B08DG68P6B,VitalCore Vitamin D3 4000IU + K2 (MK-7) 100mcg 180 Tablets,Akshay,Tamahra,VitalCore
B09FDXGPH2,VitalCore Ashwagandha Extract KSM - 66,Akshay,Tamahra,VitalCore
B07YNVK1MB,VitalCore Organic Turmeric,Srikara,Twinkle,VitalCore
B08D9N5CK4,VitalCore Electrolyte Complex 900mg 180 Tablets,Sourabh,Aneesh,VitalCore
B08KRSRFGK,PawVista Wormwood Advanced for Cats & Dogs 120ml Liquid,Srikara,Shirley,PawVista
B08KJ9FZBC,Medora Multivitamin Gummies for Kids 120 Gummies,Sourabh,Aneesh,Medora
B08J48DNCN,VitalCore Vitamin D3 2000IU 400 Tablets,Akshay,Tamahra,VitalCore
B0924Q6VTF,VitalCore Iodine 400mcg 365 Tablet,Sourabh,Twinkle,VitalCore
B095SM7TW6,VitalCore Ashwagandha 1200mg 120 Gummies,Akshay,Tamahra,VitalCore
B08PVZM37H,VitalCore OrganicMushroomComplex180Capsules,Akshay,Tamahra,VitalCore
B08FDVCKTG,VitalCore Water Away 180 Capsules,Syed,Twinkle,VitalCore
B081NCGQPB,VitalCore Apple Cider Vinegar Complex 1860mg 180 Capsules,Syed,Aneesh,VitalCore
B08BZYM56L,VitalCore Organic Fenugreek 1500mg 180 Capsules,Syed,Twinkle,VitalCore
B0924Q1H5X,VitalCore Selenium 200mcg 365 Tablets,Sourabh,Twinkle,VitalCore
B0771T1WRL,Medora ProstaSure 90 capsules,Syed,Aneesh,Medora
B0953NSL31,VitalCore Vitamin E 400IU 180 Softgel,Sourabh,Twinkle,VitalCore
B0BNVKF7C9,VitalCore Black Garlic Extract 750mg 180 Capsules,Sourabh,Aneesh,VitalCore
B09BJPTHVR,VitalCore Vitamin A 10000IU 365 Tablets,Akshay,Twinkle,VitalCore
B0924PV4SK,VitalCore Potassium Citrate 1460mg 180 Tablets,Akshay,Tamahra,VitalCore
B0B1QQNZ2S,VitalCore Organic Psyllium Husk 1400mg 180 Capsules,Akshay,Twinkle,VitalCore
B0BSGZV1T9,VitalCore Milk Thistle 2000mg 180 Capsules,Akshay,Aneesh,VitalCore
B098QJPDGL,VitalCore Iron 14mg 120 Gummies,Akshay,Tamahra,VitalCore
B089QHSS5H,VitalCore Certified (Bio) Organic Ginger 650mg 90 Capsule,Sourabh,Twinkle,VitalCore
B07K9X11YV,VitalCore CLA 3000mg 180 Softgels,Syed,Twinkle,VitalCore
B0BF5KDPQC,VitalCore Quercetin 500mg 180 Capsule,Akshay,Tamahra,VitalCore
B0BX6195RG,VitalCore Vitamin C and Zinc 1000mg 180 Tablets,Srikara,Tamahra,VitalCore
B010BW5P10,VitalCore Organic Pure Moringa 1650mg 180 Capsules,Akshay,Tamahra,VitalCore
B08BWSTJBR,VitalCore Apple Cider Vinegar 1000mg 90 Gummies,Syed,Aneesh,VitalCore
B091FV1FHQ,VitalCore L-Theanine 400mg 180 Capsule,Akshay,Aneesh,VitalCore
B07H2YR3WV,PawVista Glucosamine & Chondroitin for dogs & cats 180 Capsules,Amjad,Twinkle,PawVista
B01N673US9,VitalCore Activated Charcoal 2000mg 180 Capsules,Sourabh,Aneesh,VitalCore
B0DCP2BQBP,VitalCore Vegan Omega 3,Srikara,Aneesh,VitalCore
B0B6Q6PN1M,VitalCore Vitamin K2 (MK-7) 200mcg 400 Tablet,Akshay,Twinkle,VitalCore
B07GX25G81,PawVista Allergy Aid for dogs 120 Soft Chews (Upgraded),Srikara,Shirley,PawVista
B0924R63CJ,VitalCore L - Taurine 1000mg 180 Capsules,Akshay,Aneesh,VitalCore
B0B1QR7DWZ,VitalCore Magnesium Citrate 125mg 90 Gummies,Srikara,Shirley,VitalCore
B09444JHW7,VitalCore BCAA 2000mg 180 Tablets,Akshay,Twinkle,VitalCore
B0DN6HV7HN,VitalCore Liposomal Glutathion Capsules,Srikara,Aneesh,VitalCore
B07RY9SYLV,VitalCore Vegan Collagen Advanced 180 Capsules,Sourabh,Aneesh,VitalCore
B0C9CMMGPK,Biotin with Keratin 150mg,Syed,Twinkle,Other
B0CQ1ZY6RM,Black Cumin seed oil,Syed,Twinkle,Other
B0CF28WQH3,VitalCore Creatine Monohydrate Micronised Unflavoured 1000g Powder |,Srikara,Aneesh,VitalCore
B0924NLC1W,VitalCore Astaxanthin 18mg 180 Capsule,Sourabh,Tamahra,VitalCore
B0CTVQVDMG,VitalCore| Creatine Gummies,Srikara,Aneesh,VitalCore
B07GXLY554,PawVista Ear Cleaner for Dogs & Cats 250ml Liquid,Srikara,Shirley,PawVista
B08QNHTFCH,PawVista L-Lysine 250g Powder,Amjad,Twinkle,PawVista
B07GXS7XS2,PawVista Multivitamin with Minerals 365 Tablets,Amjad,Aneesh,PawVista
B0CW374CVT,VitalCore | Inositol 4000mg 120 Tablets,Akshay,Twinkle,VitalCore
B08RRZPPNP,VitalCore Cranberry with Vitamin C 15000mg 180 Capsule,Akshay,Aneesh,VitalCore
B07MBPZXXV,Biotin Gummies,Syed,Twinkle,Other
B07KC93HR1,VitalCore Flaxseed Oil 1000mg 180 Softgel,Sourabh,Aneesh,VitalCore
B07KMCQCZ5,VitalCore Evening Primrose Oil 1000mg 180 Softgel,Sourabh,Twinkle,VitalCore
B07HB3BZ2H,PawVista Flea & Tick Defence Powder 100g Powder,Srikara,Shirley,PawVista
B0B252QTL4,Medora Kurkuma Extract | DE 500mg 180 Capsules,Srikara,Twinkle,Medora
B08LTK2RMH,VitalCore Liposomal Vitamin C 1000mg 250ml Liquid,Srikara,Tamahra,VitalCore
B09TBJGCWS,PawVista Hemp Oil 60ml 55800mg Liquid,Amjad,Tamahra,PawVista
B07MBZCG52,VitalCore Organic Super Greens 200g Powder,Syed,Aneesh,VitalCore
B081Z6V1J6,VitalCore Peppermint Oil 200mg 365 Softgel,Syed,Aneesh,VitalCore
B09BD66HPL,VitalCore Turmeric Gummies 2100mg 90 Gummies,Srikara,Twinkle,VitalCore
B0B8SWNKD7,VitalCore Probiotic 2Billion 90 Gummies,Srikara,Aneesh,VitalCore
B093CB31XT,VitalCore Pure MSM 2400mg + Vitamin C 100mg,Akshay,Aneesh,VitalCore
B0767D9FJF,VitalCore Candida Support 180 Capsules,Syed,Twinkle,VitalCore
B0CWLLPHQF,VitalCore | Boswellia Serrata 400mg 180 Capsules,Syed,Twinkle,VitalCore
B08Q49SV5Y,VitalCore Vitamin C Gummies 200mg 120 Gummies,Srikara,Tamahra,VitalCore
B0D1YNNYNY,VitalCore | L-Citrulline 3000mg 240 Capsules,Srikara,Tamahra,VitalCore
B07HGCZRVW,PawVista Itch Relief Spray 250ml Spray,Amjad,Shirley,PawVista
B088RKYG7C,VitalCore Bio Culture Complex | Germany 60 Billion 120 Capsules,Srikara,Aneesh,VitalCore
B0D6YYT9Q3,VitalCore | Sea Moss 4000mg,Syed,Twinkle,VitalCore
B0DBQ2ZWVB,VitalCore Alpha Lipoic Acid,Srikara,Aneesh,VitalCore
B0D1XXG4MS,VitalCore | L-Carnitine 2000mg 120 Capsules,Srikara,Tamahra,VitalCore
B0BZW1BYH7,VitalCore MarineMagnesium+B6360mg360mg180Capsules,Srikara,Shirley,VitalCore
B091L12RBL,VitalCore Organic Spirulina & Chlorella 1500mg 180 Capsules,Sourabh,Twinkle,VitalCore
B07TYY1QJ3,VitalCore Hemp Seed Oil 1000mg 180 Softgels,Syed,Tamahra,VitalCore
B0BV68VQV3,Medora Vitamin B12 | Germany 500mcg 365 Tablets,Syed,Twinkle,Medora
B0CSKBLHCB,VitalCore | Multivitamin and Minerals 90 Gummies for Men,Sourabh,Aneesh,VitalCore
B09CCL39DV,VitalCore Hemp Oil 1900 mg 60ml Oil,Syed,Tamahra,VitalCore
B0949KMLW6,VitalCore Vitamin D3 4000IU 120 Gummies,Akshay,Tamahra,VitalCore
B07GYW9CVG,PawVista Urinary Aids - Dog 120 Tablets,Amjad,Aneesh,PawVista
B0CB81W43H,Medora Iron and Vitamin C Gummies for Kids 120 Gummies,Syed,Tamahra,Medora
B0CLVCMHBS,VitalCore  ZMA 180 capsules,Sourabh,Aneesh,VitalCore
B07L8DL871,VitalCore Organic Cinnamon 1000mg,Syed,Tamahra,VitalCore
B089QGLQHK,VitalCore Montmorency Cherry 6000mg 180 Capsules,Akshay,Tamahra,VitalCore
B0BFXGNM1T,VitalCore Skinny Coffee 28 Sachets,Akshay,Tamahra,VitalCore
B00E0HITK2,VitalCore Green Coffee Pure 21000mg 90 Capsules,Akshay,Twinkle,VitalCore
B08GSRX9RN,VitalCore Tea Infuser 500ml Bottle,Srikara,Tamahra,VitalCore
B0CB7ZDLXZ,Medora Omega 3-6-9 for Kids 200mg 120 Gummies,Srikara,Twinkle,Medora
B0BT85QTFQ,VitalCore T-Boost 180 Tablets,,Aneesh,VitalCore
B00HSJLATQ,VitalCore Raspberry Ketone Pure 1200mg 180 Capsules,Akshay,Tamahra,VitalCore
B081RTQ1B3,PawVista Pet's Paw and Nose 60ml Balm,Srikara,Shirley,PawVista
B0B5VMJND6,Medora Vitamin D3 Kids | Orange Flavour 1000IU 120 Gummies,Akshay,Tamahra,Medora
B08L935BHL,PawVista Calming Aid For Dogs 120 Tablets,Amjad,Aneesh,PawVista
B07GYL1WMY,PawVista Hip and Joint Complex 120 Capsules,Amjad,Aneesh,PawVista
B08KRNGDTR,PawVista Itch Relief 250ml Liquid,Srikara,Shirley,PawVista
B07FK47L8M,VitalCore Sunglow 120 Tablets,Syed,Tamahra,VitalCore
B01MTQVUQQ,VitalCore Pure Guarana 4800mg 180 Capsules,Syed,Twinkle,VitalCore
B0CSK9ZG34,VitalCore | Multivitamin and Minerals 90 Gummies for Women,Sourabh,Aneesh,VitalCore
B008I0L5MQ,VitalCore Raspberry Ketone Plus 180 Capsules,Akshay,Tamahra,VitalCore
B07GXPQBK6,PawVista Digestive Support for dogs 120 Tablets,Amjad,Twinkle,PawVista
B08Z826CNN,VitalCore Glucomannan Complex 180 Capsules,Sourabh,Aneesh,VitalCore
B07HB2V5YV,PawVista Calming Drops 100ml Drops,Amjad,Aneesh,PawVista
B0CR14DN7M,VitalCore | Marine Collagen 5000mg 14 Liquid Sachets,Sourabh,Aneesh,VitalCore
B07FK47L8M,VitalCore Sunglow 120 Tablets,Syed,Tamahra,VitalCore
B0CBKSL8RL,Medora Calcium with Vitamin D3 kids gummies,Akshay,Tamahra,Medora
B0CD7Z3W9F,VitalCore Melatonin Complex 1mg 400 Tablets,Syed,Tamahra,VitalCore
B0D8L2Y7CG,VitalCore Bromelain 650 mg 180 Capsules,Srikara,Twinkle,VitalCore
B093SND46D,VitalCore Choline Bitartrate 700mg 180 Capsules,Syed,Twinkle,VitalCore
B093ZSL4QH,VitalCore Vitamin B12 1000mcg 400 Chewable Tablets,Syed,Twinkle,VitalCore
B0C3H9CVNZ,VitalCore OPC tablets,Akshay,Twinkle,VitalCore
B089QHX5PH,VitalCore Odourless Garlic Oil 15000mg 180 Softgel,Sourabh,Aneesh,VitalCore
B07HGD7YF5,PawVista Grooming and Anti-Itching Shampoo 500ml Shampoo,Srikara,Shirley,PawVista
B07MLSTQ1L,VitalCore Forskolin 1000mg 60 Capsules,Akshay,Twinkle,VitalCore
B07L5JH3NT,"VitalCore Wart, Corn & Verruca Patch 28 Patches",Sourabh,Aneesh,VitalCore
B0CQ1Y7H9N,VitalCore D-Mannose 2000mg 180 Capsules,Sourabh,Aneesh,VitalCore
B08K997YCF,PawVista Coprophagia for Dogs 120 Tablets,Amjad,Aneesh,PawVista
B0B1QQYKX5,VitalCore Zinc Citrate 25mg 90 Gummies,Syed,Twinkle,VitalCore
B07HGDT9MT,PawVista Grooming Conditioner 500ml Conditioner,Amjad,Aneesh,PawVista
B0CN31Y5ZP,VitalCore Vitamine B12 Gummies,Syed,Twinkle,VitalCore
B0C6Y973ZP,VitalCore Super Green 90 gummies,Syed,Aneesh,VitalCore
B08HQGTVQX,PawVista Flea and Tick Control 500ml Spray,Srikara,Shirley,PawVista
B08ZCFTLR7,VitalCore Detox Foot Pads 30 Patches,Akshay,Twinkle,VitalCore
B09NC8LVDK,VitalCore Guarana Patches,,Aneesh,VitalCore
B08K997VY4,PawVista Anti-Chew Spray for Cats & Dogs 250ml Spray,Srikara,Shirley,PawVista
B07L8LSQDV,VitalCore Organic (Bio) Amla 200g Powder,Sourabh,Aneesh,VitalCore
B07YQ59VCS,VitalCore Pure Cold Pressed Fenugreek 100ml Oil,Sourabh,Tamahra,VitalCore
B09316R26J,VitalCore White Kidney Beans Extract 5000mg 180 Capsule,Akshay,Tamahra,VitalCore
B07W5JDT32,VitalCore Hemp Patch 20 Patches,Syed,Tamahra,VitalCore
B0B8SVNKVZ,Eco Masters Rose Quartz with Guasha & Vitamin C Serum Device,Srikara,Tamahra,Other
B0CN32XKTL,VitalCore  Detox & Cleanse,Syed,Twinkle,VitalCore
B087C2M9LH,VitalCore Liposomal Vitamin D3 + K2 250ml,Akshay,Tamahra,VitalCore
B0DB21JDJ5,VitalCore Lion's Mane GUMMIES,Akshay,Tamahra,VitalCore
B0CF1MQ97T,VitalCore Creatine Monohydrate Micronized Unflavored 500g Powder,Srikara,Aneesh,VitalCore
B0D6Z1ZSZG,VitalCore Barley Grass,Syed,Tamahra,VitalCore
B07MWC4C5X,VitalCore Organic Bio Haritaki 200g Powder,Sourabh,Aneesh,VitalCore
B07RFRGD5N,Eco Masters Jade Facial Roller with GuaSha & Serum,Srikara,Tamahra,Other
B07HB3ZS79,PawVista Denti-CarePowder180gPowder,Amjad,Twinkle,PawVista
B0CB4M926G,VitalCore L-Arginine 1000mg 180 Tablets,Syed,Twinkle,VitalCore
B09MS281SX,Medora Montmorency Cherry | Germany 6000mg 180 Capsules,Syed,Tamahra,Medora
B0DPJ4Z5WS,VitalCore Ceremonial Matcha tea 100g Powder,Syed,Tamahra,VitalCore
B08KZ26V41,VitalCore Skinny and Detox tea 28 Teabags,Syed,Aneesh,VitalCore
B0DCK8JV7C,VitalCore Collagen Powder,Sourabh,Twinkle,VitalCore
B0CR16N42C,VitalCore liposomale vitamine c liquid sachet,Srikara,Tamahra,VitalCore
B0DZY117M6,VitalCore Magnesium Complex,Srikara,Shirley,VitalCore
B0DZP8H6RT,Pure Himalayan Shilajit 20000mg 180 Capsules,Srikara,Twinkle,Other
