asin,sku,product_name,current_price,deal_price,ppc_assignee,daily_avg_units,daily_sale_avg,expected_units,expected_sale,ppc_share,exp_ppc_units,daily_budget_per_product,cpu_per_product,day1_units,day1_sales,day1_spend,spend_diff,unit_diff,bacos,gp_pct,gp_per_unit,expected_gp_pct,expected_bacos,extra_blended,event_date,brand
B010BW5P10,CC0130,VitalCore Organic Pure Moringa 1650mg 180 Capsules,20.99,19.79,,,,,,,,,,,,,,,,,,,,,2025-07-09,VitalCore
B09FDXGPH2,CC0460,VitalCore Ashwagandha Extract KSM - 66,22.99,19.99,,,,,,,,,,,,,,,,,,,,,2025-07-09,VitalCore
B078Y7M3S1,CC0223,VitalCore Marine Collagen Advance 90 Capsules,21.99,17.99,Sourabh,38.0,835.62,200.0,3598.0,0.58,116.0,800.0,5.837032336,57.0,1053.54,410.98,-389.02,-143.0,0.3900943486,0.0074,0.13,0.2216,0.06,0.3300943486,2025-07-09,VitalCore
B0B3RJ76ML,CC0473,VitalCore RedYeastRice250mg180Capsule,21.99,17.99,,3.0,65.97,20.0,359.8,0.52,10.4,66.74091642,6.41739581,4.0,72.04,25.12,-41.62091642,-16.0,0.3486951694,0.037,0.63,0.2736,0.12,0.2286951694,2025-07-09,VitalCore
B08GGCD1KR,,VitalCore Organic Ashwagandha with Black Pepper 605 mg 180 Capsules,21.99,19.79,Akshay,34.0,747.66,60.0,1187.4,0.74,44.4,201.3359165,4.534592715,76.0,1518.64,495.99,294.6540835,16.0,0.3266014329,0.0883,1.66,0.2472,0.15,0.1766014329,2025-07-09,VitalCore
B07MZY4P1R,CC0311,VitalCore CoQ10 200mg 120 Capsules,27.75,24.75,Akshay,14.0,388.5,20.0,495.0,0.53,10.6,58.93535674,5.559939315,23.0,528.01,185.13,126.1946433,3.0,0.3506183595,0.1586,3.72,0.2709,0.22,0.1306183595,2025-07-09,VitalCore
B08QNHTFCH,CC0415,PawVista L-Lysine 250g Powder,17.99,15.99,Amjad,7.0,125.93,15.0,239.85,0.53,7.95,72.11887586,9.071556712,7.0,118.06,25.88,-46.23887586,-8.0,0.2192105709,-0.0044,-0.06,0.1385,0.1,0.1192105709,2025-07-09,PawVista
B081NCGQPB,CC0343,VitalCore Apple Cider Vinegar Complex 1860mg 180 Capsules,21.09,17.09,Syed,9.0,189.81,30.0,512.7,0.54,16.2,76.86449389,4.744721845,9.0,162.41,63.12,-13.74449389,-21.0,0.3886460193,-0.0528,-0.86,6.25,0.3,0.08864601933,2025-07-09,VitalCore
B07K9X11YV,CC0282,VitalCore CLA 3000mg 180 Softgels,17.99,16.09,Syed,9.0,161.91,30.0,482.7,0.79,23.7,139.5680517,5.888947331,15.0,245.16,61.97,-77.59805174,-15.0,0.2527736988,0.0295,0.45,0.1162,0.17,0.08277369881,2025-07-09,VitalCore
B091GB1NP1,CC0035,VitalCore Vitamin D3 2000IU + K2 (MK-7) 200 mcg (IT) 365 Tablets,22.99,19.49,Akshay,33.0,758.67,60.0,1169.4,0.78,46.8,351.6568696,7.514035675,53.0,1056.45,297.54,-54.11686959,-7.0,0.281641346,0.1961,3.62,0.2715,0.21,0.07164134602,2025-07-09,VitalCore
B0BT85QTFQ,CC0502,VitalCore T-Boost 180 Tablets,24.99,19.99,,3.0,74.97,10.0,199.9,0.2,2.0,15.83808693,7.919043464,8.0,160.02,11.21,-4.628086928,-2.0,0.07005374328,0.3809,7.22,0.4407,0.01,0.06005374328,2025-07-09,VitalCore
B0B252QTL4,CC0486,Medora Kurkuma Extract | DE 500mg 180 Capsules,17.99,16.09,Srikara,3.0,53.97,20.0,321.8,0.79,15.8,26.80836344,1.696731863,8.0,128.8,15.79,-11.01836344,-12.0,0.1225931677,0.2036,3.11,0.2256,0.07,0.0525931677,2025-07-09,Medora
B08BXNX4MF,CC0384,VitalCore Black Maca Complex 5000mg 180 Capsules,19.99,16.62,Akshay,22.0,439.78,45.0,747.9,0.56,25.2,107.0216105,4.246889304,51.0,880.8,243.68,136.6583895,6.0,0.276657584,0.1461,2.3,0.2102,0.23,0.04665758401,2025-07-09,VitalCore
B07PDFXWCD,CC0240,VitalCore Krill Oil 1000mg 120 Softgels,27.99,25.99,Syed,7.0,195.93,30.0,779.7,0.53,15.9,101.5846331,6.388970638,2.0,53.98,7.36,-94.22463314,-28.0,0.1363467951,0.3618,8.91,0.4001,0.09,0.04634679511,2025-07-09,VitalCore
B0CSKBLHCB,CC0543,VitalCore | Multivitamin and Minerals 90 Gummies for Men,23.99,18.99,Sourabh,1.0,23.99,15.0,284.85,0.61,9.15,56.01257636,6.121593045,2.0,44.0,16.07,-39.94257636,-13.0,0.3652272727,0.002,0.04,0.1696,0.32,0.04522727273,2025-07-09,VitalCore
B098QJPDGL,CC0454,VitalCore Iron 14mg 120 Gummies,19.99,17.79,Akshay,9.0,179.91,15.0,266.85,0.51,7.65,57.12312165,7.467074725,16.0,284.64,72.25,15.12687835,1.0,0.2538293985,0.1494,2.52,0.1803,0.21,0.04382939854,2025-07-09,VitalCore
B08GG9T6SW,CC0403,VitalCore Zinc Bisglycinate 50mg 400 Tablets,15.98,8.85,Syed,40.0,639.2,80.0,708.0,0.7,56.0,384.5174659,6.86638332,153.0,1430.84,192.75,-191.7674659,73.0,0.1347110788,0.1155,0.97,14.96,0.1,0.03471107881,2025-07-09,VitalCore
B0B1QQNZ2S,CC0483,VitalCore Organic Psyllium Husk 1400mg 180 Capsules,21.99,18.49,Akshay,11.0,241.89,35.0,647.15,0.48,16.8,122.1758938,7.272374629,20.0,369.78,75.54,-46.63589377,-15.0,0.2042836281,0.1629,2.86,0.199,0.17,0.0342836281,2025-07-09,VitalCore
B08BZYM56L,CC0390,VitalCore Organic Fenugreek 1500mg 180 Capsules,19.99,17.99,Syed,12.0,239.88,25.0,449.75,0.66,16.5,114.9085536,6.964154764,17.0,321.83,94.11,-20.79855361,-8.0,0.2924214647,0.0624,1.06,0.0965,0.26,0.03242146475,2025-07-09,VitalCore
B08KRSRFGK,CC0423,PawVista Wormwood Advanced for Cats & Dogs 120ml Liquid,17.19,15.19,Srikara,15.0,257.85,20.0,303.8,0.59,11.8,100.2584729,8.496480756,37.0,582.43,148.54,48.28152708,17.0,0.2550349398,0.0068,0.09,0.2233,0.23,0.02503493982,2025-07-09,PawVista
B07LH6X6VC,CC0310,VitalCore Vibration Exercise Machine Device,149.99,134.99,Srikara,14.0,2099.86,35.0,4724.65,0.69,24.15,152.7656127,6.325698247,36.0,4874.64,259.09,106.3243873,1.0,0.05315059163,0.3228,36.31,0.3366,0.03,0.02315059163,2025-07-09,VitalCore
B08KJ9FZBC,CC0416,Medora Multivitamin Gummies for Kids 120 Gummies,22.84,16.99,Sourabh,6.0,137.04,45.0,764.55,0.43,19.35,135.1946647,6.986804378,23.0,390.63,43.92,-91.27466471,-22.0,0.1124337608,0.2897,4.67,0.2929,0.09,0.02243376085,2025-07-09,Medora
B0BX6195RG,CC0505,VitalCore Vitamin C and Zinc 1000mg 180 Tablets,16.99,14.99,Srikara,7.0,118.93,15.0,224.85,0.61,9.15,50.34198948,5.501856774,19.0,290.81,43.31,-7.031989482,4.0,0.1489288539,0.2096,2.98,0.2259,0.13,0.01892885389,2025-07-09,VitalCore
B0924Q1H5X,CC0028,VitalCore Selenium 200mcg 365 Tablets,18.99,16.49,Sourabh,13.0,246.87,25.0,412.25,0.98,24.5,123.2056484,5.028801974,24.0,408.43,68.05,-55.15564836,-1.0,0.166613618,0.2936,4.59,0.3092,0.15,0.016613618,2025-07-09,VitalCore
B084G5XC29,CC0350,VitalCore Omega 3 Fish Oil 2000mg 240 Softgels,22.99,17.79,Srikara,144.0,3310.56,350.0,6226.5,0.45,157.5,870.8859864,5.529434834,446.0,8081.59,698.63,-172.2559864,96.0,0.08644709766,0.1327,2.24,10.15,0.07,0.01644709766,2025-07-09,VitalCore
B089QCFCV4,CC0392,VitalCore Organic Turmeric with Black pepper and Ginger 1520mg 180 Capsules,19.99,17.49,Srikara,43.0,859.57,90.0,1574.1,65.47,,600.0,0.0,65.0,1160.1,388.88,-211.12,-25.0,0.3352124817,0.0538,0.89,0.0692,0.32,0.01521248168,2025-07-09,VitalCore
B086V74KKR,,VitalCore Vitamin D3 4000 IU 400 Tablets,19.99,15.99,Akshay,39.0,779.61,85.0,1359.15,0.61,51.85,433.4113124,8.358945272,61.0,1218.59,241.8,-191.6113124,-24.0,0.1984260498,0.3416,6.47,0.1182,0.19,0.008426049779,2025-07-09,VitalCore
B0817WBXKF,CC0349,VitalCore Biotin 12000mcg 365 Tablets,19.99,16.99,Syed,22.0,439.78,35.0,594.65,0.51,17.85,128.2649147,7.185709507,45.0,788.55,178.46,50.1950853,10.0,0.2263141209,0.2273,3.66,0.2234,0.22,0.006314120855,2025-07-09,VitalCore
B085W65GKF,CC0369,VitalCore Vitamin C with Rosehip and Bioflavonoids 1000mg 180 Tablets,17.99,14.99,Srikara,24.0,431.76,40.0,599.6,0.72,28.8,95.59154172,3.319150754,51.0,776.49,183.45,87.85845828,11.0,0.2362554572,0.1132,1.61,11.62,0.23,0.00625545725,2025-07-09,VitalCore
B0B8SWNKD7,,VitalCore Probiotic 2 Billion 90 Gummies,17.99,16.19,Srikara,8.0,143.92,15.0,242.85,0.57,8.55,73.30901075,8.574153304,6.0,97.14,17.08,-56.22901075,-9.0,0.1758287008,0.1337,2.05,,0.18,-0.004171299156,2025-07-09,VitalCore
B08D9N5CK4,CC0393,VitalCore Electrolyte Complex 900mg 180 Tablets,19.94,16.89,Sourabh,16.0,319.04,45.0,760.05,0.56,25.2,209.399729,8.309513056,28.0,498.01,84.81,-124.589729,-17.0,0.1702977852,0.238,3.81,0.2246,0.18,-0.009702214815,2025-07-09,VitalCore
B088RKYG7C,,VitalCore Bio Culture Complex | Germany 60 Billion  120 Capsules,,,Srikara,,0.0,,0.0,,0.0,0.0,,0.0,0.0,,0.0,0.0,0.0,,,,0.01,-0.01,2025-07-09,VitalCore
B0924Q6VTF,CC0025,VitalCore Iodine 400mcg 365 Tablet,22.99,21.05,Sourabh,6.0,137.94,20.0,421.0,0.7,14.0,104.4612524,7.461518032,12.0,260.36,51.76,-52.70125245,-8.0,0.1988016592,0.3438,6.86,0.3305,0.21,-0.01119834076,2025-07-09,VitalCore
B079C336Y3,CC0224,VitalCore Pure Marine Collagen 1170mg 120 Capsules,19.99,16.45,Sourabh,126.0,2518.74,250.0,4112.5,0.46,115.0,2326.585759,20.23118051,252.0,4262.41,884.15,-1442.435759,2.0,0.2074295997,0.1702,2.65,0.1421,0.22,-0.01257040031,2025-07-09,VitalCore
B092Q8SGPT,CC0439,Medora Bio Cultures Complex 60 Billion 120 Capsules,21.99,16.49,Srikara,35.0,769.65,40.0,659.6,0.66,26.4,189.2994189,7.170432535,83.0,1435.31,311.49,122.1905811,43.0,0.2170193199,0.0799,1.25,0.0662,0.23,-0.01298068013,2025-07-09,Medora
B0B6Q6PN1M,,VitalCore Vitamin K2 (MK-7) 200 mcg 365 Tablets,18.99,18.04,Akshay,9.0,170.91,15.0,270.6,0.76,11.4,118.1524364,10.36424881,14.0,252.61,51.94,-66.21243643,-1.0,0.2056133961,0.2465,4.21,0.195,0.22,-0.01438660386,2025-07-09,VitalCore
B08BTXFQ4F,CC0386,VitalCore Magnesium Citrate 240 Capsules,19.99,15.99,Srikara,24.0,479.76,60.0,959.4,0.75,45.0,457.3352048,10.16300455,65.0,1059.79,222.43,-234.9052048,5.0,0.2098812029,0.1189,1.8,10.01,0.23,-0.02011879712,2025-07-09,VitalCore
B08PVZM37H,CC0014,VitalCore OrganicMushroomComplex180Capsules,23.91,20.99,Akshay,8.0,191.28,20.0,419.8,0.6,12.0,43.59442114,3.632868428,18.0,387.6,53.0,9.405578864,-2.0,0.1367389061,0.2371,4.72,0.202,0.16,-0.02326109391,2025-07-09,VitalCore
B01FWFE7VK,CC0173,VitalCore Resveratrol with Red Wine Extract 510mg 60 Capsules,25.99,20.51,Akshay,19.0,493.81,25.0,512.75,0.5,12.5,65.09082265,5.207265812,58.0,1221.05,126.05,60.95917735,33.0,0.1032308259,0.2967,5.77,0.3155,0.13,-0.02676917407,2025-07-09,VitalCore
B07ZZ4G399,CC0345,VitalCore Hyaluronic Acid 600mg 180 Capsules,25.99,21.99,Akshay,18.0,467.82,40.0,879.6,0.35,14.0,37.65750736,2.689821954,50.0,1121.41,135.65,97.99249264,10.0,0.1209637867,0.2065,4.3,0.1676,0.15,-0.02903621334,2025-07-09,VitalCore
B0CB7ZDLXZ,CC0511,Medora Omega 3-6-9 for Kids 200mg 120 Gummies,18.99,17.09,Srikara,3.0,56.97,15.0,256.35,0.62,9.3,106.6367179,11.46631375,5.0,87.35,17.44,-89.19671788,-10.0,0.1996565541,0.152,2.46,0.1139,0.23,-0.03034344591,2025-07-09,Medora
B08DG4NXBS,CC0395,VitalCore Iron 28mg 400 Tablets,19.97,16.08,Akshay,19.0,379.43,35.0,562.8,0.62,21.7,167.886951,7.736725854,39.0,642.82,117.26,-50.62695103,4.0,0.182414984,0.2793,4.26,0.2383,0.22,-0.03758501602,2025-07-09,VitalCore
B0924PFYN9,CC0024,VitalCore Creatine Monohydrate 3000mg 270 Tablets,25.99,21.49,Srikara,39.0,1013.61,60.0,1289.4,0.51,30.6,214.4911642,7.009515171,79.0,1762.92,303.72,89.22883577,19.0,0.1722823497,0.3045,6.2,0.2618,0.21,-0.03771765026,2025-07-09,VitalCore
B08PKYTQSL,CC0372,VitalCore Liposomal Vitamin C 1000mg 180 Capsules,29.99,23.49,Srikara,49.0,1469.51,90.0,2114.1,0.45,40.5,379.7219524,9.375850677,125.0,3027.97,154.34,-225.3819524,35.0,0.05097144291,0.4601,10.24,0.4184,0.09,-0.03902855709,2025-07-09,VitalCore
B0924NLC1W,CC0030,VitalCore Astaxanthin 18mg 180 Capsule,21.99,18.49,Sourabh,7.0,153.93,20.0,369.8,0.58,11.6,80.75028775,6.961231703,18.0,336.5,50.16,-30.59028775,-2.0,0.149063893,0.2617,4.59,0.2185,0.19,-0.04093610698,2025-07-09,VitalCore
B07ZKMCN2Z,CC0342,VitalCore Bio Culture Complex 77Billion 60 Capsules,21.99,17.49,Srikara,17.0,373.83,50.0,874.5,0.48,24.0,168.2045625,7.008523436,32.0,564.33,87.55,-80.65456246,-18.0,0.1551397232,0.2275,3.77,0.1802,0.2,-0.04486027679,2025-07-09,VitalCore
B08DG68P6B,CC0394,VitalCore Vitamin D3 4000IU + K2 (MK-7) 100mcg 180 Tablets,21.99,18.19,Akshay,17.0,373.83,45.0,818.55,0.51,22.95,104.8864729,4.570216684,38.0,702.27,116.9,12.0135271,-7.0,0.1664601934,0.3152,5.43,0.2581,0.22,-0.05353980663,2025-07-09,VitalCore
B091FT9L27,CC0032,VitalCore N-Acetyl-Cysteine(NAC)600mg180Capsules,19.99,17.99,Syed,20.0,399.8,45.0,809.55,0.6,27.0,177.5575387,6.576205137,46.0,849.87,131.32,-46.2375387,1.0,0.1545177498,0.1709,2.91,0.1059,0.21,-0.05548225023,2025-07-09,VitalCore
B08TCG2RH7,CC0009,"VitalCore Calcium, Magnesium and Zinc with Vitamin D3 400 Tablets",23.99,19.49,Srikara,41.0,983.59,70.0,1364.3,0.69,48.3,444.5304364,9.203528703,112.0,2208.66,380.95,-63.58043635,42.0,0.1724801463,0.204,3.77,0.1291,0.23,-0.05751985367,2025-07-09,VitalCore
B0CCP8GG6X,CC0517,VitalCore Lion's Mane Mushroom Extract 2000mg- 365 Tablets,23.99,21.59,Akshay,8.0,191.92,25.0,539.75,0.5,12.5,102.2604016,8.180832125,21.0,460.53,63.99,-38.27040156,-4.0,0.1389486027,0.3751,7.68,0.3082,0.2,-0.0610513973,2025-07-09,VitalCore
B08HJPDMTR,CC0410,VitalCore Multivitamins with Minerals 365 Tablets,18.89,17.05,Sourabh,23.0,434.47,80.0,1364.0,0.69,55.2,331.2590568,6.001069869,70.0,1218.59,212.54,-118.7190568,-10.0,0.1744146924,0.2401,3.88,0.1784,0.24,-0.06558530761,2025-07-09,VitalCore
B09WJBLCR3,CC0477,VitalCore Melatonin Complex 365 Tablets,22.99,14.99,Syed,20.0,459.8,45.0,674.55,0.57,25.65,160.019825,6.238589668,76.0,1179.2,207.74,47.72017502,31.0,0.1761702849,0.1752,2.49,0.0972,0.25,-0.07382971506,2025-07-09,VitalCore
B0CD7Z3W9F,,VitalCore Melatonin Complex 1 mg 400 Tablets,,,Syed,,0.0,,0.0,,0.0,0.0,,2.0,37.98,,0.0,2.0,0.0,,,,0.08,-0.08,2025-07-09,VitalCore
B07YNVK1MB,CC0344,VitalCore Organic Turmeric,23.99,19.99,Srikara,32.0,767.68,55.0,1099.45,0.73,40.15,354.8935537,8.839191873,44.0,901.33,169.38,-185.5135537,-11.0,0.1879222926,0.1838,3.48,0.1067,0.27,-0.08207770739,2025-07-09,VitalCore
B089QHSS5H,CC0287,VitalCore Certified (Bio) Organic Ginger 650mg 90 Capsule,16.99,15.09,Sourabh,11.0,186.89,20.0,301.8,0.53,10.6,36.72303271,3.464437048,11.0,171.84,18.51,-18.21303271,-9.0,0.1077164804,0.2527,3.61,0.1652,0.19,-0.08228351955,2025-07-09,VitalCore
B0B8SSJZVK,CC0492,VitalCore Ginkgo Biloba Complex 6600mg 365 Tablets,19.99,17.49,Akshay,16.0,319.84,25.0,437.25,0.65,16.25,106.1038474,6.529467535,32.0,564.68,94.54,-11.56384744,7.0,0.1674222569,0.2164,3.59,0.1431,0.25,-0.08257774315,2025-07-09,VitalCore
B0CHRNR4QH,CC0530,VitalCore Berberine,21.94,18.49,Syed,29.0,636.26,40.0,739.6,0.59,23.6,199.6388418,8.459272956,67.0,1256.02,159.9,-39.73884176,27.0,0.12730689,0.255,4.47,0.1677,0.21,-0.08269310998,2025-07-09,VitalCore
B0BSGZV1T9,CC0500,VitalCore Milk Thistle 2000mg 180 Capsules,19.99,17.49,Akshay,9.0,179.91,16.0,279.84,0.73,11.68,77.07262458,6.598683611,16.0,288.79,52.66,-24.41262458,0.0,0.1823470342,0.2453,4.07,0.152,0.27,-0.08765296582,2025-07-09,VitalCore
B08GG6TPN6,CC0409,VitalCore Vitamin B Complex 365 Tablets,19.99,16.09,Syed,31.0,619.69,65.0,1045.85,0.7,45.5,326.1370172,7.167846532,78.0,1286.69,161.48,-164.6570172,13.0,0.1255003148,0.2609,3.98,0.1526,0.23,-0.1044996852,2025-07-09,VitalCore
B07L9C38RD,CC0288,VitalCore Glucosamine and Chondroitin 180 Capsules,21.99,19.69,Akshay,21.0,461.79,35.0,689.15,0.48,16.8,238.246013,14.1813103,61.0,1191.16,109.97,-128.276013,26.0,0.09232177038,0.3013,5.62,0.1557,0.2,-0.1076782296,2025-07-09,VitalCore
B086T13DD6,CC0371,VitalCore Multivitamin Gummies 120 Gummies,22.94,14.21,Sourabh,13.0,298.22,55.0,781.55,0.35,19.25,147.3497107,7.654530424,50.0,752.94,58.96,-88.38971066,-5.0,0.07830637235,0.2127,2.87,0.0784,0.2,-0.1216936276,2025-07-09,VitalCore
B08GG96FPL,CC0406,VitalCore Vitamin B12 (Methylcobalamin) 1000mcg 400 Tablets,19.99,15.6,Syed,45.0,899.55,70.0,1092.0,0.62,43.4,308.7592792,7.114269106,124.0,2027.32,373.13,64.3707208,54.0,0.1840508652,0.4184,6.19,0.2115,0.19,-0.005949134818,2025-07-09,VitalCore
B093SND46D,CC0438,VitalCore Choline Bitartrate 700mg 180 Capsules,18.99,17.09,Syed,0.0,0.0,20.0,341.8,0.95,19.0,162.2870533,8.54142386,0.0,0.0,0.54,-161.7470533,-20.0,0.0,,,0.1801,0.2,-0.2,2025-07-09,VitalCore
B08RRZPPNP,CC0008,VitalCore Cranberry with Vitamin C 15000mg 180 Capsule,17.99,15.99,Akshay,8.0,143.92,15.0,239.85,0.5,7.5,37.77521045,5.036694727,7.0,112.01,22.76,-15.01521045,-8.0,0.2031961432,0.3905,5.92,0.1584,0.22,-0.0168038568,2025-07-09,VitalCore
